"commodity_id";"commodity_name";"variety";"grade"
"96ce72f314d56da8f54274670bc45c03";"UNKNOWN";"UNKNOWN";"FAQ"
"66cd27c1bf0a51151e99a947482759cc";"UNKNOWN";"OTHER";"FAQ"
"b7345308d2553db3682b5e7fff0b7455";"WHEAT";"DARA";"UNKNOWN"
"8922ef4bc23868e5e985724016b7bee3";"POTATO";"OTHER";"FAQ"
"7165dd247128e7f30ba7ae3dfdaf8533";"WHEAT";"OTHER";"FAQ"
"09a9f8c49065020a1efda93a69a1e369";"TOMATO";"UNKNOWN";"FAQ"
"e2dc19aebcd4382769272c8500eddb9d";"UNKNOWN";"OTHER";"UNKNOWN"
"55c23f4f93b4dc643239a00f29d39673";"WHEAT";"UNKNOWN";"UNKNOWN"
"875319de947cd7423a178e966d855345";"TOMATO";"OTHER";"UNKNOWN"
"bf075a1675963256561b1c83b3a9108f";"UNKNOWN";"HYBRID";"FAQ"
"f566c7a96d2b3f1538ed2b3391bf209e";"TOMATO";"OTHER";"FAQ"
"b79f18d991f77ea5f61998a633d6a2b3";"UNKNOWN";"UNKNOWN";"UNKNOWN"
"ae9142e8d23313be2e04cfb13791c8b0";"POTATO";"BADSHAH";"FAQ"
"b922ff5a5812f5c0e63c3508c3cd88e1";"UNKNOWN";"RED";"FAQ"
"a049912a1aa29b188353f428591dee05";"POTATO";"DESI";"FAQ"
"2b0679b27040bf37a95c624f67e5ff40";"UNKNOWN";"(RED NANITAL)";"FAQ"
"11208ff731499e3649506c4ea116e586";"ONION";"RED";"FAQ"
"b7602dcb4dde035a512dd0212c16e4da";"ONION";"UNKNOWN";"FAQ"
"eb2b9b88f8896013215d360ebdcdc435";"WHEAT";"147 AVERAGE";"FAQ"
"d5e57ed6ad0691f0da005f0449fd8121";"ONION";"OTHER";"FAQ"
"17387ea802f613f9ba33e71a80dde0f2";"TOMATO";"HYBRID";"UNKNOWN"
"ee6e45bf3f6d90587590fb304fc02a3d";"POTATO";"(RED NANITAL)";"FAQ"
"9b8e8c4a93b0c97e66134e23defa876f";"WHEAT";"LOK-1";"FAQ"
"d0c8d29f43dd16b12496c26aae965196";"WHEAT";"LOK -1 (NILAMI RATE)";"FAQ"
"67187920159d74e70badb23a68e26d0c";"WHEAT";"MAHARASHTRA 2189";"UNKNOWN"
"33e716b93bf980b89e544403ff573e13";"TOMATO";"DESHI";"FAQ"
"836173d0f0fe4aa49fe5e4d182d22944";"TOMATO";"HYBRID";"FAQ"
"3d269c7c7e74735414d2cbbf82c5d0a3";"WHEAT";"LOKWAN";"FAQ"
"9e676bb855735246fc992be14896e0e5";"WHEAT";"UNKNOWN";"FAQ"
"ae9229c11a8cdb8480b0757429c55436";"ONION";"UNKNOWN";"UNKNOWN"
"d1a94b0cfb0bacd2725f4213f844bcbd";"POTATO";"OTHER";"UNKNOWN"
"d109a07158c8a975115b75bd10bf24be";"UNKNOWN";"DARA";"UNKNOWN"
"f61f9e07f40b93a1570049322ef97820";"POTATO";"JYOTI";"UNKNOWN"
"f7205cd3c2ebae32be1e7f0d1ba51cd9";"TOMATO";"LOCAL";"FAQ"
"8bb731769ede7eaaa46ee51337db1d95";"TOMATO";"TOMATO";"FAQ"
"037192b195973a443d3ce6c4f19d7f70";"ONION";"OTHER";"UNKNOWN"
"0a7847faa32196cd7f2bb42d3cb8754a";"ONION";"RED";"UNKNOWN"
"d4d5e51b30d5e4268d989a70fa45118a";"POTATO";"DESI";"UNKNOWN"
"450655d162e8b9ecaac8a0928764f87e";"UNKNOWN";"HYBRID";"UNKNOWN"
"7a467b25ff7a14d3d786fd54c1e80979";"UNKNOWN";"DESHI";"UNKNOWN"
"e2411b0b1bd0d1f70e4900110d58c077";"WHEAT";"DARA";"FAQ"
"dea2e025bc2e133b3a340d8d8f232c8c";"POTATO";"UNKNOWN";"FAQ"
"795747ba70c173158e0751a1fb532160";"ONION";"NASIK";"FAQ"
"bcfba5fcb116ce960090f11390bf2c5d";"POTATO";"POTATO";"FAQ"
"0d790b4b989681a9a1719459c5f9f2d7";"POTATO";"POTATO";"UNKNOWN"
"e3c3a9c79c082f03784b89497861e8bb";"UNKNOWN";"LOCAL";"FAQ"
"620d5837e5c4797999f6ca85c66acf14";"UNKNOWN";"SONALIKA";"FAQ"
"7ece23ac92445a9005bc06bd628e84f3";"ONION";"1ST SORT";"FAQ"
"27e955cec34a5f91e017d53beb89a06b";"ONION";"ONION";"FAQ"
"81f36cba8e56b0e4ccebde7ef68b459b";"UNKNOWN";"RED";"UNKNOWN"
"98ceba3f80bdf6f2756b2d5cf880cd89";"POTATO";"JYOTI";"FAQ"
"9e0a65a1c102646f3200589aaffd36ff";"UNKNOWN";"TOMATO";"UNKNOWN"
"662a3697d82ac580ccce5f7b7d543f44";"UNKNOWN";"TOMATO";"FAQ"
"c246011e23c33e9f8acb46d7f9fe5e43";"UNKNOWN";"LOKWAN";"FAQ"
"6106a4e8d08d7ce70efbe2980b32b11d";"UNKNOWN";"DESHI";"FAQ"
"808af667c7d8c6c8c72d97374481649b";"POTATO";"UNKNOWN";"UNKNOWN"
"d396e103cab7906cc6a33b0a0a446eee";"ONION";"BIG";"FAQ"
"2e2c3b037e0c2794c4c00e2635dfb6a5";"WHEAT";"OTHER";"UNKNOWN"
"bd610af460a8cb683300e8aef7f532ba";"UNKNOWN";"LOCAL";"UNKNOWN"
"3ece5b15047b16e2ec6f095c1162d5d9";"ONION";"ONION";"UNKNOWN"
"5773077b46298155ec9ec2eaedb3a2f2";"WHEAT";"LOKWAN GUJRAT";"FAQ"
"b01915f1ba965e036c0156ae9a1d369b";"UNKNOWN";"DESI";"FAQ"
"ae1b9cf07e14a8b7d91ab89c131e2c63";"UNKNOWN";"POTATO";"FAQ"
"d412dea4876c9dff0cae4348eb4ef212";"TOMATO";"UNKNOWN";"UNKNOWN"
"043b8de7484df99b7b125ff6654a11cc";"UNKNOWN";"POTATO";"UNKNOWN"
"cbe6b8f459a7cddc82d49ec034bb66ad";"WHEAT";"147 AVERAGE";"UNKNOWN"
"d82dca612202139147ac2f4d7e11af46";"ONION";"LOCAL";"FAQ"
"fbcead82d0036d4b57488c1b9d572b9d";"ONION";"1ST SORT";"UNKNOWN"
"87456da734ea27b040cac89369577176";"TOMATO";"DESHI";"UNKNOWN"
"aab6c1046db5ebdee25e3869b5c0adc7";"UNKNOWN";"2189 NO. 1";"UNKNOWN"
"62b2a3edce46caf2356fd80bdde7d84d";"POTATO";"RED";"UNKNOWN"
"567f42350106d460eb46baa66671e003";"WHEAT";"SHARBATI";"FAQ"
"ebf886255bfc0d475e41ffc493b22f6d";"UNKNOWN";"ONION";"FAQ"
"67aed0368fb8f661dad53bf84a6eeeeb";"UNKNOWN";"DARA";"FAQ"
"e825bfbd187d3fd78bfe19a5aba0e920";"WHEAT";"LOCAL";"UNKNOWN"
"fd2948dff68625fedb49cbe09940adb0";"WHEAT";"LOKWAN";"UNKNOWN"
"cbfb6a2bc89ee91ab99e2153948a679a";"POTATO";"HALDWANI";"UNKNOWN"
"28edd7c40db7c87b572ddb721c60c04c";"WHEAT";"HYBRID";"FAQ"
"2b58ccf58e5c53e9719917d6b958ebf9";"WHEAT";"LOCAL";"FAQ"
"c0b46b79bb4035c77ffb03bc0d6b08f7";"WHEAT";"MILL QUALITY";"UNKNOWN"
"1842716a7678f373a10b33d3bdd1905c";"UNKNOWN";"1ST SORT";"FAQ"
"0c73eb34402abc4419d0dd2df9c72e7e";"ONION";"SMALL";"FAQ"
"fbb3cd5b3c27528c9dcc882ff674fddc";"WHEAT";"DESHI";"FAQ"
"13412473cc1379cc7358734584029563";"WHEAT";"RED";"FAQ"
"3a4e6910a91c5ad8f2876956f7b32ca8";"UNKNOWN";"LOKWAN";"UNKNOWN"
"c0013f78beaa83fca44c370a6ae0487f";"UNKNOWN";"MP(DESI)";"FAQ"
"c55057e08d51288cbe98b3aae538587a";"WHEAT";"MILL QUALITY";"FAQ"
"3065fc9f713684c01e6b6c2383238ffb";"UNKNOWN";"2ND SORT";"FAQ"
"78049a65cd5b4501078096eec254ce4d";"TOMATO";"TOMATO";"UNKNOWN"
"204d8ba3398f1e1662517389558436ce";"POTATO";"BADSHAH";"UNKNOWN"
"fa18bfdaae073f4cf645256da375c871";"UNKNOWN";"147 AVERAGE";"UNKNOWN"
"6f0be81a3b52f0ca8ac5b9621b8c690f";"TOMATO";"LOCAL";"UNKNOWN"
"7fdf4df5c12eeb99e7e7356cef39f1a8";"POTATO";"LOCAL";"FAQ"
"e505852fa198e12a6dfa526762fb595d";"POTATO";"(RED NANITAL)";"UNKNOWN"
"ae0670accb70071123110e62ac1ba3cb";"UNKNOWN";"JYOTI";"UNKNOWN"
"66630afdd03d16e324051abb10930277";"UNKNOWN";"NASIK";"FAQ"
"693159c9c0f507b39a730c9c2d0183fe";"POTATO";"LOCAL";"UNKNOWN"
"82b33b23c06c36cb9a245f24c9a011f2";"UNKNOWN";"BADSHAH";"FAQ"
"10dafd7b1da14517f54220b2ce60bde0";"UNKNOWN";"JYOTI";"FAQ"
"9b191c3e8c7033f621a6635c9142231a";"WHEAT";"PISSI";"FAQ"
"7a60471738fa12124e8ac73880e284bc";"WHEAT";"SECHOR NO. 1";"FAQ"
"b0cd3732522464bcc1a852ba5eed848d";"POTATO";"CHANDERMUKHI";"FAQ"
"336bb52abea93849572bb69c009154a6";"UNKNOWN";"DESI";"UNKNOWN"
"6f5958dad9e846f5aafe7a4dea752bd9";"UNKNOWN";"MAHARASHTRA 2189";"FAQ"
"59b254762ce8a02e637f99323ef11701";"ONION";"WHITE";"FAQ"
"ea076dedfbac83f847171947fd3afdbb";"UNKNOWN";"SHARBATI";"FAQ"
"9a580f5efb33b17b82f90172e3950e20";"WHEAT";"PISSI";"UNKNOWN"
"19ddbd68475ab077471431c4b00d8929";"POTATO";"CHIPS";"FAQ"
"9b9a2c1beccfb0bfbf22ad770bf76147";"UNKNOWN";"DARA MILL QUALITY";"FAQ"
"b919cafeb1304d3ef02049073882260d";"ONION";"SMALL";"UNKNOWN"
"d604917c6f8fc0feb8a37c354b061760";"UNKNOWN";"TELAGI";"UNKNOWN"
"50cb123a5a86b66ea22e9463389c3268";"UNKNOWN";"SHARBATI";"UNKNOWN"
"0fdad3e995aaa774900e672158ccd04e";"UNKNOWN";"1ST SORT";"UNKNOWN"
"deb2a6529fac9e06b43f7c320f23c4ae";"WHEAT";"2189 NO. 1";"FAQ"
"858628c2a62a80e64ab2ea501fe46392";"WHEAT";"SUPER FINE";"FAQ"
"2e37d02c4a061e628000a16d9ae1d0cd";"UNKNOWN";"MILL QUALITY";"UNKNOWN"
"295330ef72771351172f4e0dfbcc367f";"WHEAT";"MAHARASHTRA 2189";"FAQ"
"bb5f023ba02644d6aa9472b7355ad926";"WHEAT";"MEDIUM";"UNKNOWN"
"b842c61945e7d6d249b9d9fe3b81622d";"POTATO";"F.A.Q.";"FAQ"
"d2ce43413ea5e0ab3650da89bf9b1284";"WHEAT";"1482";"FAQ"
"6498bc4aca9c6cd14b0897caf18d0fbe";"POTATO";"HALDWANI";"FAQ"
"a2854f2316e129b4202ebda69032bba3";"WHEAT";"LOKWAN MP NO. 1";"UNKNOWN"
"0a53e52c027746f6d70fcfa9022902b4";"WHEAT";"SONA";"FAQ"
"ec3cd4be383e1fc0857f923fa6325885";"ONION";"LOCAL";"UNKNOWN"
"38fa4f786379f8dfaf428b85a32efdbc";"UNKNOWN";"MEDIUM";"FAQ"
"ab5fa7039c913d43eeb911c471bfe906";"UNKNOWN";"LOKWAN GUJRAT";"FAQ"
"e76830f560dd2a66b5e9e88c103200de";"WHEAT";"SONALIKA";"FAQ"
"fa4d20e214b7f8b925dad3a5f1d4b6a1";"WHEAT";"RAJASTHAN TUKDI";"FAQ"
"c6da1f0d421c7e3000fe5b5176cc870b";"UNKNOWN";"BIG";"FAQ"
"8727d03549a171d4394ede8c0e4e4e3e";"WHEAT";"DESHI";"UNKNOWN"
"13b61ab1d2f2fa0ce3032bf45436f95f";"ONION";"PUSA-RED";"FAQ"
"c1b526571e67e66b15e7c991cdb63105";"WHEAT";"MP SHARBATI";"FAQ"
"c99296f7cbd0e39afe4954d81af2b14a";"WHEAT";"KALYAN";"FAQ"
"17af88894a1a5756fdac4e7046386121";"ONION";"WHITE";"UNKNOWN"
"462062178550dfea4992188ff8212786";"UNKNOWN";"147 AVERAGE";"FAQ"
"313496bd6c4bad8473259f94d651e21a";"WHEAT";"LOK-1";"UNKNOWN"
"027a2a05818a4e2c9382bb9da8cf86e1";"ONION";"TELAGI";"FAQ"
"5841e942da5423890cecc6b4ea7f06d8";"UNKNOWN";"KUFRI MEGHA";"FAQ"
"6ac29054706ca58056685d6c67c6bc4f";"UNKNOWN";"(RED NANITAL)";"UNKNOWN"
"57a67ec774e410d282fcdeedb6869022";"ONION";"NASIK";"UNKNOWN"
"82c7f9cb5724ea510250143ba068f36d";"POTATO";"RED";"FAQ"
"d81755b1597b36ccb1ef1a5a84fa17dc";"ONION";"DRY F.A.Q.";"FAQ"
"2f7066e6d3757e12c21bbc4c8de4f35b";"UNKNOWN";"ONION";"UNKNOWN"
"336c83e42e1ad6bb73912c4d26676a55";"WHEAT";"LOK -1 (NILAMI RATE)";"UNKNOWN"
"5018cd64fbc32ff2366c24f4e845492e";"WHEAT";"147 BEST";"FAQ"
"0c2d7b777e0977720d7904ba3a8eabd0";"UNKNOWN";"2189 NO. 1";"FAQ"
"480eca3f53ea7b0466401168a63e41f1";"POTATO";"F.A.Q.";"UNKNOWN"
"c8c4d49156e949ddba392efb7bcad2ac";"UNKNOWN";"MILL QUALITY";"FAQ"
"82f5ee0a0fc0b31395ebf26e60b884e7";"UNKNOWN";"BADSHAH";"UNKNOWN"
"26966dbe4c671cb7d7c3eca778c7be7d";"ONION";"PUNA";"FAQ"
"9cf668694f48f0c0807c1e2157651392";"UNKNOWN";"KUFRI MEGHA";"UNKNOWN"
"a7fa79005badb2d8b662b750d529d161";"POTATO";"BIG";"FAQ"
"0b09daea4b1d6f9663bebffce878c4f8";"ONION";"MEDIUM";"FAQ"
"eb91cabcf32c3ccf72827b188a4f9a69";"WHEAT";"WHITE";"UNKNOWN"
"4dce363ccca4d8114298939a1efa9c15";"ONION";"BIG";"UNKNOWN"
"77f1ecce51a7c6b7e5bb8e48570f4044";"UNKNOWN";"NASIK";"UNKNOWN"
"5030c4c49832aaf852858080d08b2187";"UNKNOWN";"MEXICAN";"FAQ"
"4a2b7be59a9e8ab09a7213f01380254b";"ONION";"2ND SORT";"FAQ"
"707ccf7caac52bd2de0360606f46555f";"WHEAT";"MEDIUM";"FAQ"
"f5f83cc110be140e132fd7563189fb16";"WHEAT";"LOKWAN GUJRAT";"UNKNOWN"
"b586392da28c3511a05b4a3b319e2398";"UNKNOWN";"CHANDERMUKHI";"FAQ"
"a94f9cd15774b508f7e6555df2b64a10";"WHEAT";"DARA MILL QUALITY";"UNKNOWN"
"f2377c96478f1b43c76d7e07822adf46";"WHEAT";"MILBAR";"FAQ"
"97415768be8fd1d7398fa8db9aa72d58";"POTATO";"KUFRI MEGHA";"FAQ"
"82814ece76baac6edfb360668f6ac8a2";"UNKNOWN";"KALYAN";"FAQ"
"7b2e73b321ade03506e9595e8461df3c";"WHEAT";"SONALIKA";"UNKNOWN"
"395d173a19a1cc1c00cbfec5fbe00910";"UNKNOWN";"MP SHARBATI";"FAQ"
"360c8150a2943f125828438b091fb20f";"POTATO";"KUFRI MEGHA";"UNKNOWN"
"4a0158745bcaa8ea0715ebad82454d02";"ONION";"BEELARY-RED";"FAQ"
"cb3c4b2390bf12d4691b9b174803e257";"UNKNOWN";"1482";"FAQ"
"ff0b4d77fc31cae56e1065db6381204f";"WHEAT";"2189 NO. 2";"FAQ"
"69b8a6d2c5e4df1a5ade4d939ca3df3d";"UNKNOWN";"MAHARASHTRA 2189";"UNKNOWN"
"ad47cd8bcbdb3ecac7c9335e5e375b05";"WHEAT";"DARA MILL QUALITY";"FAQ"
"c6a03e2eff902448e3f033f655f714c4";"WHEAT";"WHITE";"FAQ"
"1fab261766f9bd564e983b1e01d4bf50";"UNKNOWN";"LOK-1";"FAQ"
"faea1f61ba893f77980fda20e0d5b981";"UNKNOWN";"DRY F.A.Q.";"FAQ"
"276c52761a768735fea01cd95f861d19";"UNKNOWN";"LOK-1";"UNKNOWN"
"a67a76354caa920bf038c5dbebc558be";"UNKNOWN";"SMALL";"FAQ"
"3df42643f22ae68b9c17181e07c183e8";"WHEAT";"SHARBATI";"UNKNOWN"
"5d95b48d0e5077778969e9a48cc08409";"WHEAT";"KALYAN";"UNKNOWN"
"ac14c9c3f3cae0364bf0e3d7060d2179";"ONION";"BANGALORE-SAMALL";"UNKNOWN"
"3a19cc1c4bb4ca692d2f42fc5c64114f";"ONION";"DRY F.A.Q.";"UNKNOWN"
"5e9c8fee4ae4f7af4501051fa0109846";"UNKNOWN";"SECHOR NO. 1";"FAQ"
"946fd98dfca13fddcdb45a34345dc7e3";"ONION";"HYBRID";"FAQ"
"b85a358ddb64f0bf4eb2dee43722c63c";"UNKNOWN";"DRY F.A.Q.";"UNKNOWN"
"e2374ece01e03517e54594c2a365136f";"UNKNOWN";"RAJASTHAN TUKDI";"UNKNOWN"
"271b538021a25f0bce7bf999f381f7d7";"ONION";"LOCAL";"MEDIUM"
"b9818cff93aec1dc50472e83f903dee0";"UNKNOWN";"CHIPS";"UNKNOWN"
"f350682c3e9bac79e2fb19c4213a5ded";"UNKNOWN";"MEDIUM";"UNKNOWN"
"bde565699e82c7b8b7e29e53b583bed2";"WHEAT";"MEXICAN";"FAQ"
"0fe685acfe0252bbf4eb862ada4f3113";"UNKNOWN";"BANGALORE-SAMALL";"FAQ"
"3601486f50f053772f9718f7d3bd94bd";"ONION";"MEDIUM";"UNKNOWN"
"d27fa7a54604a31142fa5beb9d1729d1";"UNKNOWN";"F.A.Q.";"FAQ"
"5d55e8383cfafab8744cda86283d0fdd";"WHEAT";"MP(DESI)";"FAQ"
"a02880492dcdf8d604faf65374d13ae0";"UNKNOWN";"DARA MILL QUALITY";"UNKNOWN"
"a5cc187bda9697f50de47645cb38a178";"ONION";"PUSA-RED";"UNKNOWN"
"0816448102ce6232472e786e91a9b7a0";"UNKNOWN";"LOK -1 (NILAMI RATE)";"UNKNOWN"
"d1740498d6d42faa3f914fd7f299919a";"UNKNOWN";"MEXICAN";"UNKNOWN"
"7b2cb194a58a04f9be97270c29ea26e3";"UNKNOWN";"BIG";"UNKNOWN"
"421fb798958092b613f336cdc3564af9";"WHEAT";"MEXICAN";"UNKNOWN"
"d5ad2906a17650a74f65318f54bef9b4";"WHEAT";"HYBRID";"UNKNOWN"
"36ed8246c34113784aaf9f0828106682";"ONION";"TELAGI";"UNKNOWN"
"fa635f9ba443d31f2edf4e48ed86a8dc";"WHEAT";"BANSI";"FAQ"
"ab0864be4943ea613297481988c51d46";"WHEAT";"LOKWAN MP NO. 1";"FAQ"
"35336d435ce4f122ce145d47d410ceb5";"UNKNOWN";"PUNA";"FAQ"
"889594c96a4009010a2fd07ca50e202c";"UNKNOWN";"PISSI";"UNKNOWN"
"b40957a60167f6607ebc3681f4ae7d27";"UNKNOWN";"BANSI";"FAQ"
"c26b8f45f8b5dc4a14e999246946cd41";"ONION";"PUNA";"UNKNOWN"
"9cec59243eeec31a47c4101cd0248199";"WHEAT";"MEDIUM FINE";"FAQ"
"469b91a08e0f1d17b75b3e07aa8dec8f";"UNKNOWN";"WHITE";"FAQ"
"feaf9cfedde900e8a5b2e65541124983";"UNKNOWN";"MILBAR";"FAQ"
"3ebd05ba4ea548d0580043e20720f873";"UNKNOWN";"CHANDERMUKHI";"UNKNOWN"
"6ac57d421410e2c4f101ce54e6d69933";"WHEAT";"MP(DESI)";"UNKNOWN"
"ba76d4e684616afaeb3e2f589fa9bd1e";"UNKNOWN";"SUPER FINE";"FAQ"
"e535ca7c48615bb22270d73c1a0f63ce";"UNKNOWN";"LOK -1 (NILAMI RATE)";"FAQ"
"93fdc65169e7f024b6a72e4081b52ee5";"UNKNOWN";"F.A.Q.";"UNKNOWN"
"3a24ee9b3767630d42ca976aeca807cc";"WHEAT";"147 BEST";"UNKNOWN"
"9867ddac7acb883f0c5ba96da936b43b";"UNKNOWN";"2ND SORT";"UNKNOWN"
"506f76257b6b2c1dbc8dc8cc0b85486a";"UNKNOWN";"MILBAR";"UNKNOWN"
"4888260f2612ce9b8f2ac9ecf5243f0d";"WHEAT";"SONA";"UNKNOWN"
"3385325a522088be6e85c52ba23f288f";"UNKNOWN";"LOKWAN MP NO. 1";"FAQ"
"00ca078529ccd5c048efe304dca0b18e";"ONION";"2ND SORT";"UNKNOWN"
"19657ccb229dd4e6b941f6bfe5af82e8";"UNKNOWN";"MP SHARBATI";"UNKNOWN"
"d53d30761863299c8cf0734cecbc0225";"UNKNOWN";"PUSA-RED";"FAQ"
"4bcf838b6564a8ca30b0abe0becea27e";"WHEAT";"2189 NO. 1";"UNKNOWN"
"72004db04bf02afdec28ba09735bab2a";"UNKNOWN";"CHIPS";"FAQ"
"88b441412d709ccd31de45feb801ff24";"WHEAT";"SUPER FINE";"UNKNOWN"
"f71aeb519a2830a9bdfe761efb360861";"POTATO";"CHIPS";"UNKNOWN"
"7d2bc47d692327a66b7a3c0c0359c66c";"UNKNOWN";"RAJASTHAN TUKDI";"FAQ"
"33ccb6749e2fae926f56eb434bcbdd45";"UNKNOWN";"SONALIKA";"UNKNOWN"
"7ff4b6a885a5d02f8a3b791b01aae070";"UNKNOWN";"SMALL";"UNKNOWN"
"11122b7da1479991a2596816fdbb2063";"ONION";"HYBRID";"UNKNOWN"
"d898546e161436e0c3e6057a4778aa5b";"POTATO";"BIG";"UNKNOWN"
"2c56199d283434988ec702a86ff6de6b";"UNKNOWN";"TELAGI";"FAQ"
"5a8ba98fa9009cfcd517f511d0b3a1af";"UNKNOWN";"PUSA-RED";"UNKNOWN"
"a295fa0d2d17e9a23433a98a48333e2e";"UNKNOWN";"FARMI";"FAQ"
"b62dcb3a455e6fd4dcea7efd4984a499";"UNKNOWN";"HALDWANI";"FAQ"
"b3ec6cd2f01dba6230446640a0dba5c9";"UNKNOWN";"PUNA";"UNKNOWN"
"44fef5e4906109fa0b3cf2ae3cd0baad";"WHEAT";"FARMI";"FAQ"
"8de14b5a0ced84d4fcce96b69ae6f6ab";"WHEAT";"JAWARI";"FAQ"
"f382195fdbc6ca6d33cd49138f763369";"WHEAT";"2189 NO. 2";"UNKNOWN"
"da7e5cd62ec7fc0eb8fec8387b48234f";"UNKNOWN";"PISSI";"FAQ"
"5999162afc44f5ba9bdfe04ba4027b9d";"ONION";"UNKNOWN";"MEDIUM"
"5a280e1956dc0066c48c4914e0ff32fa";"WHEAT";"1482";"UNKNOWN"
"c6ed6ad33cc30f2c0b72c89960c49cf0";"WHEAT";"MEDIUM FINE";"UNKNOWN"
"e02b89bdfc8486ea4eb1abbc7e56f8d6";"UNKNOWN";"WHITE";"UNKNOWN"
"6458fea62660a846138b0e2d47df1520";"UNKNOWN";"BOMBAY (U.P.)";"FAQ"
"708ab2b2ac50ffa06aeb41f391c41106";"WHEAT";"MILBAR";"UNKNOWN"
"b32b7aa3893d5f6d7eb49ec4703db5c9";"POTATO";"POTATO";"MEDIUM"
"4abb3e4f809f1d96294cb7069a4ee10a";"ONION";"BOMBAY (U.P.)";"FAQ"
"ad998d46c01b078c644501a3e2e47ba0";"WHEAT";"SECHOR NO. 1";"UNKNOWN"
"14bb3a1c5a0369bc26392be2b14afb60";"UNKNOWN";"147 BEST";"UNKNOWN"
"1eb58e5548794ae28d4c8cb5d16bfa42";"UNKNOWN";"LOKWAN MP NO. 1";"UNKNOWN"
"daef57c1929775a97e28fa0197ed8e42";"WHEAT";"LOCAL";"MEDIUM"
"2c4923d8b6827171692aa6a3b0766b5e";"WHEAT";"RAJASTHAN TUKDI";"UNKNOWN"
"a0e636808a4a17307ba8129229512e2c";"UNKNOWN";"MEDIUM FINE";"UNKNOWN"
"285bc2cef7b5de7903531378d303f157";"WHEAT";"BANSI";"UNKNOWN"
"0abe5f49f58b467b340a2a287be4121b";"UNKNOWN";"MEDIUM FINE";"FAQ"
"a7f152e348d255b6bebfb84372745545";"TOMATO";"HYBRID";"MEDIUM"
"a8f4c05643b8e60c2846fe0020bd27e8";"UNKNOWN";"HYBRID";"MEDIUM"
"15ab382d771fa8d425ae007d837ac726";"WHEAT";"MP SHARBATI";"UNKNOWN"
"9e251a11ab945ebc742baa3c358484df";"ONION";"BOMBAY (U.P.)";"UNKNOWN"
"c8cbf07ebe5745abdfa6cc854c606e3e";"UNKNOWN";"SECHOR NO. 1";"UNKNOWN"
"8565153c0f51a31bdb43658b7f9a1568";"UNKNOWN";"LOCAL";"MEDIUM"
"1b2d4afbf04bc87b548da1f43246192f";"UNKNOWN";"2189 NO. 2";"FAQ"
"3b9744bf79494c3a2f598ce707ac41db";"WHEAT";"WH-542";"FAQ"
"3669885cae09b294be4b1a967c2156f8";"UNKNOWN";"WH-542";"FAQ"
"144d0ec9b80b512b0f70f37be85b8ffd";"TOMATO";"TOMATO";"MEDIUM"
"81307a3cea345b789757a42d6edd8d01";"UNKNOWN";"POTATO";"MEDIUM"
"9c3c29180eaf3ecb54e27dbdb666edba";"WHEAT";"RED";"UNKNOWN"
"2bf8f43724369caa2231f961b22e2159";"WHEAT";"CHANDAUSI";"FAQ"
"5d50b8bfba2954669cd7b584d061981f";"UNKNOWN";"2189 NO. 2";"UNKNOWN"
"01a2bb15fc590cabf9e4769a9d735839";"POTATO";"CHANDERMUKHI";"UNKNOWN"
"2985af260b19ead8ad935e503cdec27b";"UNKNOWN";"147 BEST";"FAQ"
"4394e5024140496aa64244c0b01518e7";"UNKNOWN";"KALYAN";"UNKNOWN"
"39a7bab440f1778b418fa2a67f6a33c9";"WHEAT";"H.D.";"UNKNOWN"
"d0d6c2ed15faa5ae63d6309b2f100602";"UNKNOWN";"JAWARI";"FAQ"
"a620a71759024e9e03b43dcb78be9869";"UNKNOWN";"UNKNOWN";"MEDIUM"
"006101743a6252aaea89c5fd0ad8bdf2";"UNKNOWN";"SONA";"UNKNOWN"
"9668ee128317d8a2882872dd0ba3d085";"UNKNOWN";"BEELARY-RED";"FAQ"
"bbf1cb7ab1b01004c5dbcecdb83ae493";"WHEAT";"FARMI";"UNKNOWN"
"5a614a239a14ee1f67ec27812f9c951e";"WHEAT";"PBW-373";"UNKNOWN"
"057b0e9b2251a93d68fe055caadc2d16";"UNKNOWN";"POLE";"FAQ"
"d6d182edaabbbc24ffa91f95d37622dc";"ONION";"POLE";"FAQ"
"dbdf64b1ba177f5fd778e1259b8c4f30";"UNKNOWN";"JALANDER";"UNKNOWN"
"e7819b86218f733627f00d9649a6d113";"UNKNOWN";"POLE";"UNKNOWN"
"016b144a7bee90b388414376bd178275";"UNKNOWN";"LOKWAN GUJRAT";"UNKNOWN"
"1c80fc7e4aac443e520d056013434c75";"WHEAT";"JAWARI";"UNKNOWN"
"d8d2ce94801288bbfedbe9f587f78fb3";"POTATO";"JALANDER";"FAQ"
"a631863f125674a8ef427b2262c0411a";"ONION";"BANGALORE-SAMALL";"FAQ"
"ba066594f8506acc0ef882668d0c73d5";"UNKNOWN";"BELLARY";"FAQ"
"04fc10184e5a3a633b3d712f30fd9dc1";"ONION";"POLE";"UNKNOWN"
"ec184ccf5a71997395b3485ff13ff3de";"WHEAT";"PBW-373";"FAQ"
"7a8430c8348919836b5dcd26237c283b";"ONION";"BELLARY";"FAQ"
"1c37bb72691cfb3a5ec10599d9015ed8";"ONION";"ONION-ORGANIC";"FAQ"
"f645e1ae9e30400a4b77863696d8f238";"POTATO";"JALANDER";"UNKNOWN"
"aff3cd40a613c16b292678cccb0f44be";"UNKNOWN";"ONION-ORGANIC";"FAQ"
"4552a639f11fbe13bc1307a47ad4ceaf";"UNKNOWN";"JALANDER";"FAQ"
"affd4fc915efa2d50a1793a0545a2437";"UNKNOWN";"BELLARY";"UNKNOWN"
"c0e3be6c19fda7d87189dc5dc51a6b66";"UNKNOWN";"ONION-ORGANIC";"UNKNOWN"
"916f6600846c5a71803425c0e128df6c";"ONION";"ONION-ORGANIC";"UNKNOWN"
"f7a36a46acaf42521d26ab9a87ebdd75";"ONION";"BELLARY";"UNKNOWN"
"d2d3e2cb9dc77e2e7b856105d3b95596";"POTATO";"POTATO-ORGANIC";"UNKNOWN"
"e8253b1e10d7cf8aa903d689562e2d23";"UNKNOWN";"POTATO-ORGANIC";"FAQ"
"32746a85d5b81a687da34b0bf62c91f2";"POTATO";"(RED NANITAL)";"LOCAL"
"78f0560debe5697ec19ecea30776148f";"UNKNOWN";"(RED NANITAL)";"LOCAL"
"5017508fb9dcd5edcbb6c1e80d42bd13";"POTATO";"UNKNOWN";"LOCAL"
"bc9210667635dd5c7996f14863f56d51";"UNKNOWN";"UNKNOWN";"LOCAL"
"2f7653d2d53704583238c9ce6786ab0d";"POTATO";"POTATO-ORGANIC";"FAQ"
"a922fd871c4f02b30b8c9eac044a6c10";"UNKNOWN";"BELLARY";"LOCAL"
"0f83a8b69d5e4d6c20d94084b0d47ed3";"ONION";"BELLARY";"LOCAL"
"c0723978ba129763e17299d18ffc02a4";"ONION";"UNKNOWN";"LOCAL"
"7075a26c4878a8e799216dab22a95f44";"UNKNOWN";"BANGALORE-SAMALL";"UNKNOWN"
"52e51e06bd6cb6449e97b94200791900";"UNKNOWN";"SMALL - I";"FAQ"
"c3a1bb7cd133367319fbe720b1a936a0";"POTATO";"POTATO";"LOCAL"
"196b22f8fc15fbb8025ebd0879ae1bf1";"POTATO";"SHIMLA";"FAQ"
"38a50c7849375538f2eaf98510370450";"POTATO";"LOCAL";"LOCAL"
"9fc10f74030827c90603c3fff186ce3a";"UNKNOWN";"ONION";"LOCAL"
"aaf6dd3525b9e937ab9f60ad91f0a4b0";"ONION";"LOCAL";"LOCAL"
"74e2abeb981506dc20081fa1564a3b61";"ONION";"ONION";"LOCAL"
"7c8e9876cc51b8d06ce0693fa77a5320";"ONION";"BEELARY-RED";"UNKNOWN"
"a932c061ebaa8c7908d717f5be630d25";"POTATO";"SINDURI";"FAQ"
"ccd1cc937cdbc59eb9d12af34f40e16a";"UNKNOWN";"LOCAL";"LOCAL"
"c06905cdc9ae9db644505093b94e9e99";"UNKNOWN";"BEELARY-RED";"UNKNOWN"
"431c596a1e71b01779e905f22b419eb5";"UNKNOWN";"POTATO";"LOCAL"
"9eda608ea4fa0b5d68c9306f0cd8940f";"POTATO";"OTHER";"MEDIUM"
"2b490dc470197d6473ed6574fe3634c3";"UNKNOWN";"KUFRI MEGHA";"NON-FAQ"
"4bdb236967c7e5028cdb65be1bfaee4b";"POTATO";"JYOTI";"NON-FAQ"
"626d28ac3d254fb52f17db9f2c68cc29";"POTATO";"CHIPS";"NON-FAQ"
"6e50bc44ee910676641eb3c09c7b5cbc";"UNKNOWN";"OTHER";"NON-FAQ"
"3860c6d334286597156f0f9fac2debd7";"POTATO";"DESI";"NON-FAQ"
"d9d01ad4fd82f92ead9d0865518dcc44";"POTATO";"POTATO";"NON-FAQ"
"0e622aee4f12756c0b2c033f3739dafc";"POTATO";"BADSHAH";"NON-FAQ"
"e99786b7d0bf1d3c6f3e3ebe3bf928d5";"POTATO";"OTHER";"NON-FAQ"
"e244d6a93bd2770ad7d5f256bdb6a568";"UNKNOWN";"UNKNOWN";"NON-FAQ"
"a0d72dd8ea753744e0cfecaad23bcee1";"POTATO";"UNKNOWN";"NON-FAQ"
"3e6015e3400d4a5711041518a9897fdf";"UNKNOWN";"POTATO";"NON-FAQ"
"a7d2e91ff8e8f347c8d529524151e2da";"UNKNOWN";"DESI";"NON-FAQ"
"f82539cb90c6c9c3ab4cf2724455e36a";"UNKNOWN";"BADSHAH";"NON-FAQ"
"1c7fa57d0e783694a35b28e4ad88f1ba";"POTATO";"LOCAL";"NON-FAQ"
"86253c42db1b470ae9937cc0126f1a66";"UNKNOWN";"LOCAL";"NON-FAQ"
"8c803bc019a4478cdaf50c7b5fead892";"UNKNOWN";"F.A.Q.";"NON-FAQ"
"c4161db41f409735514e45f11b622429";"POTATO";"OTHER";"LOCAL"
"e13f7de55fdc3e41aaf1f73e1cce0de3";"POTATO";"F.A.Q.";"NON-FAQ"
"1004bdc31cc633d8a3990c3b7aaf6bbc";"UNKNOWN";"OTHER";"LOCAL"
"3d9897f48e414dcfd423e9a82b5799fb";"UNKNOWN";"JYOTI";"NON-FAQ"
"ea145b0b97082fea6856b84d6fac27f5";"POTATO";"LOCAL";"REF GRADE-1"
"a27a328a48406ebfa6aa5cb327afe8f9";"POTATO";"POTATO";"REF GRADE-1"
"10ae3f6d2ebe7682124747da3ae40607";"UNKNOWN";"LOCAL";"REF GRADE-1"
"d093f6a3b1911ac7b5c3507fa1cd2fe1";"UNKNOWN";"(RED NANITAL)";"NON-FAQ"
"e651a9fbebf4a620a586995a136bfb89";"UNKNOWN";"UNKNOWN";"REF GRADE-1"
"1cabce95eaae6869ea0237f969cc32ba";"POTATO";"UNKNOWN";"REF GRADE-1"
"ddf1d98ab4f3b07b8417c13922cb082c";"POTATO";"(RED NANITAL)";"NON-FAQ"
"815a5a7e6530c59929749f10da6231ed";"ONION";"UNKNOWN";"NON-FAQ"
"1136f6ae7b166966dda6648c79920370";"ONION";"RED";"NON-FAQ"
"8c3eaca75f1c7a2443e305ca67fe3953";"ONION";"1ST SORT";"NON-FAQ"
"729da73137ce804899f2535ca7f802db";"UNKNOWN";"1ST SORT";"NON-FAQ"
"477f04ef57e66eaa864025597d6c3fc7";"UNKNOWN";"RED";"NON-FAQ"
"487fdc81fefd184d3a44c66a63157068";"ONION";"ONION";"NON-FAQ"
"ec4d859b5b9d7e1b8e750c01758c860f";"ONION";"DRY F.A.Q.";"NON-FAQ"
"7c1f6b75f935758e660ae8b936adad89";"ONION";"OTHER";"NON-FAQ"
"09c3e6c9e02bdc6278f459ecd1fce237";"ONION";"OTHER";"LOCAL"
"8b90f9f94839a1e30e32f17ab30fdfb9";"UNKNOWN";"NASIK";"NON-FAQ"
"2403e9e490e9fd1a939211f3e7662757";"ONION";"RED";"LOCAL"
"3a8ae6d6c3e195e61b71cea48960c0ae";"UNKNOWN";"ONION";"NON-FAQ"
"684c6a3590e8888d01a3e96500dd2546";"ONION";"LOCAL";"NON-FAQ"
"a38d5fe0b8f326f714651843f63719aa";"UNKNOWN";"BIG";"NON-FAQ"
"692f7ad0a0e0fdeec2bb7e36d10d5741";"ONION";"1ST SORT";"LOCAL"
"5bc825edcc002951ff49243f917fa5af";"ONION";"2ND SORT";"NON-FAQ"
"adc91708981ebdf41f0df577c0fe61f6";"UNKNOWN";"RED";"LOCAL"
"0a9bc78bf7424d9fb5c7e16c0c133978";"ONION";"NASIK";"NON-FAQ"
"db73a192613601a0d4f921d0824996a5";"ONION";"BIG";"NON-FAQ"
"74193d4c80948162d73d4628dbf41a56";"ONION";"MEDIUM";"NON-FAQ"
"a3c37f68d1561ab711ced733f49da014";"ONION";"POLE";"LOCAL"
"ab54d8f55bd8cf49e06a5cbecf2e481f";"UNKNOWN";"MEDIUM";"NON-FAQ"
"43ee475d15dadb72472d4041015d86ac";"UNKNOWN";"POLE";"LOCAL"
"bd740459d40cc7afb39bb9d0e15afc4e";"UNKNOWN";"1ST SORT";"LOCAL"
"9d1a0f172de996156e8299f1e07feca5";"UNKNOWN";"WHITE";"LOCAL"
"d9ee7ba48baca4b3b55f71bf59dd18df";"POTATO";"RED";"NON-FAQ"
"7aad21892f269b4dedc3d1c763e92717";"UNKNOWN";"2ND SORT";"NON-FAQ"
"e5c14c73bcd887bcd1442c541ddbc73d";"UNKNOWN";"DRY F.A.Q.";"NON-FAQ"
"a24a3eb418bd0b7d4a1f386e0483bd67";"ONION";"2ND SORT";"LOCAL"
"9948c99b8d085970cac5dc6e57b0f1f5";"ONION";"ONION";"REF GRADE-2"
"5506614ddc0c4c22f00c2006508deac8";"POTATO";"LOCAL";"REF GRADE-2"
"a530a1027d717b75c6f23cdb539c2ec9";"POTATO";"POTATO";"REF GRADE-2"
"1a4a11c98630c4d66d06ec95184d548c";"UNKNOWN";"ONION";"REF GRADE-2"
"9ac1bfcfc062936b60c8ceb9faffa33a";"ONION";"HYBRID";"LOCAL"
"74d1b776a4a75f71aaf8dea7eb586295";"UNKNOWN";"SMALL";"NON-FAQ"
"22c4c7bfe5fe7c18415e0f007e484733";"ONION";"WHITE";"LOCAL"
"a3f850edc5fc18f13a9bc1349a3c63cc";"ONION";"OTHER";"MEDIUM"
"b5e14229cbd8f0a6ce106b9378404bbf";"ONION";"SMALL";"NON-FAQ"
"362841d3755eb498ae59127eb5c5b64c";"UNKNOWN";"HYBRID";"LOCAL"
"edf9b3f3d77c470f3cef8be09988507d";"RICE";"FINE";"FAQ"
"64ec79d6f33afdc3ec995605acb1cee1";"RICE";"OTHER";"FAQ"
"fe4426d0aa27be9fcf74321001ea14e5";"RICE";"III";"FAQ"
"499f6a20d206add083e89027756f6dcb";"RICE";"UNKNOWN";"FAQ"
"fbbd1015267b08065b8094c2ef5b8f3b";"RICE";"UNKNOWN";"UNKNOWN"
"f04291053ab91d946c298697220396c4";"RICE";"COMMON";"FAQ"
"efcb6a7156d2559a78e04fc89184004c";"RICE";"UNKNOWN";"LOCAL"
"3cf3e08e3a6892d6048e044c955fcf29";"UNKNOWN";"COMMON";"FAQ"
"8a33d1621306590dc3ef791b5a0b9ead";"RICE";"III";"UNKNOWN"
"180dce0666d26c5cd99b59e23ec07224";"UNKNOWN";"SONA MANSOORI NON BASMATI";"FAQ"
"631fe29e5d9619000548662127bdd430";"UNKNOWN";"FINE";"UNKNOWN"
"0e1257ccbc8d59b9be115a985578187c";"RICE";"OTHER";"UNKNOWN"
"e486e0c168d161afeab05723dbabe0b1";"RICE";"COARSE";"FAQ"
"aa75405b1343f345028ba3d5a1cf2783";"RICE";"COMMON";"UNKNOWN"
"f7cd580260932fa49beaf7e3148820fb";"UNKNOWN";"III";"FAQ"
"0212c18accc87e67d1da382889626716";"RICE";"BROKEN RICE";"FAQ"
"ff05e42c1e7580f1d2675114d87bfdc1";"RICE";"MOTTA (COARSE) BOILED";"FAQ"
"c84f97e2afa7522480599d01ffe624f9";"UNKNOWN";"COMMON";"UNKNOWN"
"da410f6c0e266a037e870c4467a0dae1";"RICE";"FINE";"UNKNOWN"
"91b615725aedef22280c89feb2a1d0e7";"RICE";"SONA MANSOORI NON BASMATI";"UNKNOWN"
"eedb5382919fcd2200e092595d474a99";"RICE";"MEDIUM";"UNKNOWN"
"868e36e382f3a74a135b1a477aa6890a";"RICE";"1009 KAR";"LOCAL"
"92c3d1d6935247268341e8272373096e";"RICE";"MEDIUM";"FAQ"
"1e2046f4d098e56a86dd6ccb9f579264";"UNKNOWN";"FINE";"FAQ"
"bf2b0a0ad89e80f5063c2432b55156c0";"RICE";"OTHER";"LOCAL"
"a91ad231b08a80f6412eca931b9a5f2e";"UNKNOWN";"COARSE";"UNKNOWN"
"23dd1802c734d90fdb7bab62a695b634";"UNKNOWN";"III";"UNKNOWN"
"47d534c96153fdecdcea67f6d85dcabb";"RICE";"1009 KAR";"UNKNOWN"
"9f971121cde004e28f4c8e05fe5ee3de";"RICE";"SONA";"FAQ"
"972a8c29055d9a6181b54ab1577bf798";"RICE";"COARSE";"UNKNOWN"
"21f5c8112673d0b7edac0462cb64755d";"UNKNOWN";"1009 KAR";"LOCAL"
"032d84725fa1753710017eecb302b281";"RICE";"SONA";"UNKNOWN"
"65e80c4662fb8ae7d192488e6a973176";"UNKNOWN";"SONA";"FAQ"
"fd1678808efdfd85cb137ea7c7ac8294";"UNKNOWN";"BROKEN RICE";"FAQ"
"2da07486f0607728f29d4b17cd838798";"ONION";"WHITE";"NON-FAQ"
"87f6f9cdadd16974dad43fdd9176f04c";"RICE";"1009 KAR";"FAQ"
"a2859e136aaa1f90a2fdae5fd1d3fb39";"RICE";"BASUMATHI";"UNKNOWN"
"28d8c7b2a9311528e37f37a4a7c3930b";"UNKNOWN";"1009 KAR";"UNKNOWN"
"f92b639646b5ed97571cb65dae961a77";"UNKNOWN";"COARSE";"FAQ"
"32376a924ce693202c4bb36582e15d3b";"RICE";"JAYA";"FAQ"
"97acb130612d1b3e3c9927423e86d4b9";"RICE";"SONA MANSOORI NON BASMATI";"FAQ"
"60605151b3b6c5f8ae15817443ce400d";"RICE";"PARMAL";"FAQ"
"875e794dac5b3bc26369cb9f439e6698";"ONION";"ONION-ORGANIC";"NON-FAQ"
"8e1f7a58e5d8dd1e5c73c89e0ecfcbae";"RICE";"BROKEN RICE";"UNKNOWN"
"cb3bc6163a22c84f9a0d0731e476161b";"UNKNOWN";"1009 KAR";"FAQ"
"9d52361d10b125dd2d95bbe6e3a68657";"RICE";"BASUMATHI";"FAQ"
"1ed1a04a9e330250fd47ab8500a7d42e";"UNKNOWN";"IR-8";"UNKNOWN"
"77c7f52f07b126e1d725d61d99bf5717";"UNKNOWN";"BROKEN RICE";"UNKNOWN"
"07d82046da663b8979c7b72567f44055";"RICE";"PARMAL";"UNKNOWN"
"f05dd038e373268732f9382287a7ac60";"UNKNOWN";"SONA MANSOORI NON BASMATI";"UNKNOWN"
"68f025aeaf80dad0b920b329dd317222";"UNKNOWN";"2ND SORT";"LOCAL"
"5e7a07d784ded3fa9c2b5bded2555880";"RICE";"BASMATI HARYANA RAW (NEW)";"FAQ"
"25655522c64f3218af280187bd9bf647";"UNKNOWN";"BASUMATHI";"FAQ"
"f9db40d4df96a3932828e4063ce9b685";"MANGO(RAW-RIPE)";"MANGO - RAW-RIPE";"MEDIUM"
"85ca199d0a51d2c0ff0d9522f10d45e9";"GREEN CHILLI";"GREEN CHILLY";"MEDIUM"
"bdb0862521199e9619ac3f591ec21e82";"DRUMSTICK";"DRUMSTICK";"LARGE"
"6fd90a73ae15e5c0d14f37132adf77c7";"ASHGOURD";"ASHGOURD";"MEDIUM"
"f638acb8907bad3ef4bf7a31188925de";"BANANA - GREEN";"BANANA - GREEN";"MEDIUM"
"efa7408502ff07af103a5c860e798f46";"BEETROOT";"BEETROOT";"MEDIUM"
"f415b0023bc6bc26439e024fb438dc14";"BANANA";"PALAYAMTHODAN";"MEDIUM"
"3f6ea4fbf41743c27a99f4dc2eb71c1a";"BANANA";"POOVAN";"MEDIUM"
"c66bb87d58ac8dfb363af50c6fcca40f";"PINEAPPLE";"PINE APPLE";"MEDIUM"
"1a31da37ea02091ed7a165f6b1704a63";"COCONUT OIL";"OTHER";"FAQ"
"4a93dddf9e65591041f1d40fea7ad8ad";"BHINDI(LADIES FINGER)";"OTHER";"FAQ"
"f426c10b7f6fa438d8551bd9038b07c3";"GRAPES";"OTHER";"LARGE"
"60d6d52f88709356e38419ded31856be";"BRINJAL";"BRINJAL";"FAQ"
"2659dd49c34f8529e3b1f076feb1b91a";"DRUMSTICK";"DRUMSTICK";"FAQ"
"42da5597ac1c543d682e7e3dcba33191";"PUMPKIN";"PUMPKIN";"FAQ"
"834fe1b46bc0ec627afdd27ae7a5d3db";"COWPEA(VEG)";"COWPEA (VEG)";"FAQ"
"8e023a08d5fbdfa2079b83bd5f39a72c";"BOTTLE GOURD";"BOTTLE GOURD";"FAQ"
"a02a5bef3f33668d1910f0e7519e991a";"SNAKEGUARD";"SNAKEGUARD";"FAQ"
"76e96a2220ab934926689b7002282e49";"BEETROOT";"BEETROOT";"FAQ"
"1704d4d539b50f69e69535acd3cc0459";"BANANA";"NENDRA BALE";"LOCAL"
"0f327be0de296cc914160ee61b9c5fc5";"AMARANTHUS";"AMARANTHUS";"FAQ"
"dde6435ed1b5afd1b6f661a5a8fb734c";"CUCUMBAR(KHEERA)";"CUCUMBAR";"LOCAL"
"0abcf199f59c5cd202140d7089397fcd";"CLUSTER BEANS";"CLUSTER BEANS";"LOCAL"
"53faf9fa5f74161c20b86f445c7d5455";"ELEPHANT YAM(SURAN)/AMORPHOPHALLUS";"ELEPHANT YAM (SURAN)";"LOCAL"
"27ae7e8f71d775fb40508d4c8864190e";"COLACASIA";"COLACASIA";"LOCAL"
"522f94e729271de505bfa6ab729684d6";"SNAKEGUARD";"SNAKEGUARD";"LOCAL"
"b4cded47d4510bb77e25f810c00b1b01";"BHINDI(LADIES FINGER)";"BHINDI";"LOCAL"
"b9df4a439deeeee41edd0b118185be1b";"MASUR DAL";"OTHER";"FAQ"
"b68178d171244630a884a55dc6754e78";"FIREWOOD";"FIREWOOD";"FAQ"
"16f77fbc4ca944561d0a281f6dfe5f0f";"PADDY(COMMON)";"COMMON";"FAQ"
"5db2fc9df317b80dd942d0a5e92065ff";"CUCUMBAR(KHEERA)";"OTHER";"LOCAL"
"01064d0f580e23d0e27fb71e76565aae";"BRINJAL";"OTHER";"LOCAL"
"ec54160bd27e34ea40dec2789fc04819";"WOOD";"OTHER";"FAQ"
"49ccf14d27a77bda68ee72c64594ac6f";"KARBUJA(MUSK MELON)";"OTHER";"GRADE B"
"5e8b2e9a4264514c71e351b7ce919e79";"ONION";"OTHER";"GRADE C"
"1ae97c702721496ebf760484b8b5d05b";"WHEAT";"WHEAT";"FAQ"
"bb405c61d0822eca786dbdf355a47945";"PEAS(DRY)";"OTHER";"FAQ"
"b0944e0ed3b40ec172f93c40974ee5fd";"PUMPKIN";"OTHER";"FAQ"
"491fdc3f14f29241da4e237db449b519";"RADDISH";"OTHER";"FAQ"
"6488058112789d8729b03ab3153f3035";"CAULIFLOWER";"CAULIFLOWER";"FAQ"
"267e87f4d73d57a6665f7707ad6d1a56";"BRINJAL";"OTHER";"FAQ"
"8af275b7392d0aa8ab1bd196b8a4f001";"CHICORY(CHIKORI/KASNI)";"OTHER";"FAQ"
"1ffc2cc5d869b062eeb54a4059ee0f0a";"WHEAT";"PBW-343";"FAQ"
"b8ff62c123e51f716b1ba99417e18e34";"WHEAT";"OTHER";"LOCAL"
"a1d62821410a403c94dd7d177a4c0592";"MASUR DAL";"OTHER";"GRADE RANGE-3"
"6ccb66939927d87fc06590a078877ef2";"BRINJAL";"BRINJAL";"LOCAL"
"45b473af16384ed2a46c5541047477ae";"WOOD";"EUCALYPTUS";"FAQ"
"c8c4e8358f3c3402a70a889ed37c5877";"MARIGOLD(LOOSE)";"MARIGOLD(LOOSE)";"FAQ"
"2b9e07dd54cc5c66c279de1f143e1b40";"FISH";"MALLI(SMALL)";"LOCAL"
"dba147d44a01017487889a77398ea2c9";"GINGER(GREEN)";"OTHER";"FAQ"
"637fb4b1fa1d2ad8bad27e94c8045f38";"CAPSICUM";"OTHER";"FAQ"
"bc095570472c74df3c69101c3a0edaf0";"PADDY(COMMON)";"OTHER";"FAQ"
"132e0b2965c035ecb4c6d18eda571dd2";"GARLIC";"OTHER";"FAQ"
"d098d2d549c4eca6a114e8c4ba4eb055";"GUR(JAGGERY)";"OTHER";"FAQ"
"30a42b0b4aa800d973677c4266988583";"MUSTARD";"OTHER";"FAQ"
"4e7dd6d44259d992cd4a2afc01a5964d";"MAIZE";"OTHER";"FAQ"
"9de5995b84c2a2e808e185eed95065b7";"SOYABEAN";"YELLOW";"NON-FAQ"
"0910491a8c29823110b64277f2622903";"MANGO";"OTHER";"LOCAL"
"ab390bbbe7c7f49c3e30b2827a202aa6";"GRAPES";"OTHER";"LOCAL"
"e298ef8af8d4fb85da0875a79109bafe";"MOUSAMBI(SWEET LIME)";"OTHER";"LOCAL"
"be3d9ddbf47b7ec7978f36d1ad2f6e32";"PAPAYA";"OTHER";"LOCAL"
"f26f3dd4b5d6a6994f1d80090c691112";"BOTTLE GOURD";"OTHER";"LOCAL"
"aab7683af2e6996ce0fd6157856cdce4";"CAULIFLOWER";"OTHER";"LOCAL"
"94523a9b53b188ab0f46b8223d5735cf";"BITTER GOURD";"OTHER";"LOCAL"
"56a9810e76c6b72fe86762b1de59df23";"CORIANDER(LEAVES)";"OTHER";"LOCAL"
"6183c603c3eb494c53ff41e9b296a62a";"METHI(LEAVES)";"OTHER";"LOCAL"
"785cd85b65e2e10c065bd6ec7cb2924e";"SPINACH";"OTHER";"LOCAL"
"190ae2623326c0d8334074847fe2143d";"TOMATO";"OTHER";"LOCAL"
"72ec39a45d7db2cde032e409a549e8c6";"GREEN CHILLI";"OTHER";"LOCAL"
"2625319b9067ecbf1db44d76c3b5f397";"PADDY(COMMON)";"OTHER";"NON-FAQ"
"815cfef3e2f58cd9b79b22a4475b688e";"PINEAPPLE";"OTHER";"LOCAL"
"485e6529035961d4de070c42be6e00ad";"BEETROOT";"OTHER";"LOCAL"
"d21c8986885c89d159f1da2e44a0b0fb";"BEANS";"OTHER";"LOCAL"
"e80ef41096f4a9b50863ca069a1490ee";"CABBAGE";"OTHER";"LOCAL"
"3183bc9543170c2c0d5f42f658185b76";"PEAS WET";"OTHER";"LOCAL"
"6326864f2ed2fe4369e39941568b2d44";"RIDGEGUARD(TORI)";"OTHER";"LOCAL"
"ec1d0de91239cbd5a7c768538d4f3f75";"BHINDI(LADIES FINGER)";"OTHER";"LOCAL"
"ffe595db1b2915931c5c64da1e0a6ed7";"LIME";"OTHER";"LOCAL"
"747affd4b4cc35e438b72fe9662f968e";"GUAR";"OTHER";"LOCAL"
"2f0fe701f1d7622df81d40c280ab21e9";"CHILLY CAPSICUM";"OTHER";"LOCAL"
"cf597b63f2eb9ae4c8965c6efc272abf";"TOMATO";"LOCAL";"LOCAL"
"9ef44ab8634cb6c495e46989ed300c5d";"BAJRA(PEARL MILLET/CUMBU)";"OTHER";"FAQ"
"7cc9ebcb907082605fba20b6f62c37d3";"GREEN CHILLI";"GREEN CHILLY";"FAQ"
"eaf13da43645a3732001cd85b6dfde8a";"WHEAT";"C-83";"FAQ"
"036b716542bff921b2db8c20996c9163";"WHEAT";"WHEAT-ORGANIC";"FAQ"
"33507f139141c949a6ab678d7fbd8884";"PEGEON PEA(ARHAR FALI)";"OTHER";"FAQ"
"a27122b1adb0c9b5f3580768eb33ecc6";"FLOWERS-OTHERS";"OTHER";"FAQ"
"56dfd3e46d98038664aa924da5e66ba5";"BROKEN RICE";"BROKEN RICE";"FAQ"
"93406e2059ded74b84478a091d848597";"BENGAL GRAM(GRAM)(WHOLE)";"OTHER";"FAQ"
"5f01b19998dcb4b372abbf60797604e6";"BARLEY(JAU)";"OTHER";"FAQ"
"6bd327d4b2ddacd16c64bd3fd698ad6c";"GOND";"OTHER";"FAQ"
"5ee7d0c37b577912f83330d493e22eb1";"PADDY(COMMON)";"BASMATI";"FAQ"
"aee4806d059445006b0e9398d62939ef";"BOTTLE GOURD";"BOTTLE GOURD";"GRADE B"
"9742cb3cdafeac75e13681df454a0757";"SQUASH(CHAPPAL KADOO)";"OTHER";"FAQ"
"2d7ac45ea1490a21da629548e459414f";"PADDY(COMMON)";"DHAN";"FAQ"
"a1d6cdd6197229abf1bfbb1559d1fdea";"POTATO";"RED NANITAL";"LOCAL"
"fd578e13c2e8c26c38b961a3c92dd585";"PUMPKIN";"PUMPKIN";"LOCAL"
"53c7a68241e0a1891f254ae21fb137b0";"AMARANTHUS";"AMARANTHUS";"LOCAL"
"be91a1b94ac52893438b7d2d71bb2c35";"COWPEA(VEG)";"COWPEA (VEG)";"LOCAL"
"9cf67436fb5310c22c617ac97412e7ea";"SWEET POTATO";"HOSUR RED";"LOCAL"
"f86217a060ff38095f5bc80241fa1e78";"THONDEKAI";"THONDEKAI";"LOCAL"
"dae94e814586747fd89027230f7a260e";"GUAVA";"GUAVA ALLAHABAD";"LOCAL"
"10a77f0669854956d7811a4b61b8c989";"LEMON";"LEMON";"LOCAL"
"1c0e5190a9ee4579b56436d809d174f1";"ONION GREEN";"ONION GREEN";"LOCAL"
"f560fc9ea45bc40a1b9c6ee2d79f6ce6";"SWEET CORN";"SWEET CORN";"LOCAL"
"35687b96cab5e2ad6b10b14889b19d1d";"TOMATO";"DESHI";"LOCAL"
"c8382a4ee674824dae0d2ed10732cb8a";"ASHGOURD";"GOUARD";"LOCAL"
"112cb4e47693bb1fb615ae3ac8c7e0ff";"BEETROOT";"BEETROOT";"LOCAL"
"1e6d656f717441f25ac339ec26b1c857";"MARIGOLD(CALCUTTA)";"MARIGOLD(CALCUTTA)";"LOCAL"
"55ed5c14405fcaa680befac31ecb21a6";"MINT(PUDINA)";"MINT(PUDINA)";"LOCAL"
"8db8e54cb74143314883a155d4a725e0";"ROSE(LOCAL)";"ROSE (LOCAL)";"LOCAL"
"9303028a9a3f32ec643863777734da5e";"BRINJAL";"ROUND";"LOCAL"
"1e29dff31defb1cf4d836d9288c29b02";"YAM(RATALU)";"YAM (RATALU)";"LOCAL"
"c9cf5788f59590358dc12ee9a3aa3ce5";"BENGAL GRAM(GRAM)(WHOLE)";"GRAM";"FAQ"
"d33561ff0c1cead683d96d25ff8a2baf";"WHEAT";"WHEAT";"NON-FAQ"
"7267d019e97f1cafd79a9a8572429fad";"MAIZE";"LOCAL";"FAQ"
"30a03fe96aa121e5b3e0aec7bc462b94";"MAIZE";"LOCAL";"NON-FAQ"
"8320e724f217f198be2603c21ad004d9";"BENGAL GRAM(GRAM)(WHOLE)";"CHANA KANTA";"FAQ"
"3d59d587a2e220ae9b7e1293135e344b";"GREEN GRAM(MOONG)(WHOLE)";"GREEN (WHOLE)";"FAQ"
"2c964e1e6150529bd51e2fc038054be7";"SOYABEAN";"SOYABEEN";"FAQ"
"00154df4b450d1b059bd5f4582981ca1";"MAIZE";"YELLOW";"FAQ"
"4beb033cce342e45f16531f6f22aa1a1";"MUSTARD";"MUSTARD";"FAQ"
"353448563a2394ecc93a563b2aff2c09";"TAMARIND FRUIT";"TAMARIND";"FAQ"
"3c4948853499f757a6d4a2134a9b531f";"WHEAT";"MILL QUALITY";"NON-FAQ"
"219c6cce9d4a5b364da0b1a45cb2d2d0";"SOYABEAN";"YELLOW";"FAQ"
"38f9226ee99def7a4e6e6519e1961609";"BANANA";"KARPURA";"LOCAL"
"0a9d6624123f48cb1ffe5770aca06eb3";"CHIKOOS(SAPOTA)";"SAPOTA";"LOCAL"
"7787d411fe0debb339559e49b83e4bb2";"CAULIFLOWER";"RANCHI";"LOCAL"
"b333b02e69b46b022282e11f21919b83";"GREEN AVARE(W)";"OTHER";"LOCAL"
"dc1a625d8cacb4f4a4070fd5eba09dcc";"KUTKI";"KUTKI";"FAQ"
"ac571fb8bfeec0bd174244c3bc5bb7a4";"GREEN PEAS";"PEA";"NON-FAQ"
"c83d36015b78088fd13322efda8d4919";"MUSTARD";"SARSON(BLACK)";"FAQ"
"1582d04b657d16a0f1226c1ee18c37be";"CORIANDER(LEAVES)";"I SORT";"LOCAL"
"ae4580966a6d4e9ffffcd2e6f8ee1914";"BANANA - GREEN";"BANANA - GREEN";"LOCAL"
"c9fc1245c18f2f4d3f1ed356d4595814";"GINGER(GREEN)";"GREEN GINGER";"LOCAL"
"b4a7047aba93548191737357784653ab";"WATER MELON";"WATER MELON";"LOCAL"
"2a892bd90c522f169e98ec9202db22dc";"PAPAYA";"PAPAYA";"LOCAL"
"a806ddb85a53ededf3b5678ea1f38aeb";"BITTER GOURD";"BITTER GOURD";"LOCAL"
"85c21f746c6bc89c3e0b8dcc35b1895f";"CARROT";"PUSAKESAR";"LOCAL"
"f0b071cdb8b3b1a666338ac21b8d80e8";"COCONUT";"COCONUT";"LOCAL"
"826149c3797f6e4e1194d5ca2056ab4d";"GREEN AVARE(W)";"GREEN AVARE (W)";"LOCAL"
"c9bc6ed31e9ff4dae34005c6b475461f";"CAULIFLOWER";"CAULIFLOWER";"LOCAL"
"6ddea89c629cc40f455653fab5e71458";"GREEN CHILLI";"GREEN CHILLY";"LOCAL"
"90bc7f201cf05e11ad6ce578e6419c08";"LEMON";"OTHER";"LOCAL"
"4ca53da83508c2930e65c75ecb7b3e46";"WHEAT";"OTHER";"NON-FAQ"
"b8e66b5c32c52899958f5b4313b700cf";"BOTTLE GOURD";"BOTTLE GOURD";"LOCAL"
"b833512274325bccd932fb81075e40db";"RIDGEGUARD(TORI)";"RIDGEGUARD(TORI)";"LOCAL"
"e4ba659da833a7ae1bfde22fa4c1786a";"MANGO(RAW-RIPE)";"MANGO - RAW-RIPE";"LOCAL"
"c1e1d191a5fda761de10d981e8fccfd9";"DRUMSTICK";"DRUMSTICK";"LOCAL"
"4563bf10dc8525669e9a44a81ce12e94";"AMLA(NELLI KAI)";"AMLA";"LOCAL"
"d3646d2aeb75d263e2a631e544085450";"BITTER GOURD";"BITTER GOURD";"FAQ"
"623467219ad90d49e09d6d52f2c0aabc";"WATER MELON";"WATER MELON";"LARGE"
"3d79f7042822a81f260b828d71290d3f";"TAPIOCA";"TAPIOCA";"LOCAL"
"7cfacb0b2a088eeffdd7b51f968ae2ec";"RADDISH";"RADDISH";"LOCAL"
"fe5e9b77edbb73a5ee91dafe570b39c5";"KNOOL KHOL";"KNOOL KHOL";"LOCAL"
"62383844e87d2d605460994ad4ba3440";"JACK FRUIT(RIPE)";"JACK FRUIT";"LOCAL"
"abb3f3ecac519d95a977ec679fb5971a";"CABBAGE";"CABBAGE";"LOCAL"
"dfdbdb8d5da5ff44cd07c49b4e7d9a62";"CHILI RED";"OTHER";"FAQ"
"a342d20e759d672ec3e5c5d2072c7a66";"MAKHANA(FOXNUT)";"OTHER";"FAQ"
"011014f0f9b66de3e3782beecc2642cf";"SESAMUM(SESAME,GINGELLY,TIL)";"OTHER";"FAQ"
"d31c11277fa180a88f028f2d18234cbd";"BANANA";"POOVAN";"LOCAL"
"444097fab2cc69fffdd166499d3434f0";"LIME";"LIME";"LOCAL"
"cd7111da5e69e55d4bd146017009f17e";"BANANA";"BESRAI";"LOCAL"
"6595d0eac8e16c1e6521236d4888f89d";"MANGO";"SAFEDA";"LOCAL"
"dc07d7fac40885e194117a51e67cdd07";"GARLIC";"GARLIC";"LOCAL"
"f2f7be198ab4eabeff6aae9e466a1a06";"MOUSAMBI(SWEET LIME)";"MOUSAMBI";"LOCAL"
"3d09bce1b46046ba3a79e3213165be33";"CHOW CHOW";"CHOW CHOW";"LOCAL"
"f5aa43ac63d65b3148fa87cff27edfae";"BEANS";"BEANS (WHOLE)";"LOCAL"
"39bc427c521d152b6ba84247f800b6f0";"CAPSICUM";"CAPSICUM";"LOCAL"
"5a01e01fde577a6d26f71946e6b3059b";"GROUNDNUT";"BIG (WITH SHELL)";"LOCAL"
"2fa73d4e170d1aaeaa92ac55dc738804";"TAMARIND FRUIT";"TAMARIND FRUIT";"LOCAL"
"f11e73daca9e998b5c699a91aa0b3162";"KHANDSARI(DESI KHAND)";"OTHER";"FAQ"
"4522e481561a748a129087fe93a58fa4";"MAHUA";"OTHER";"FAQ"
"60e67f2ffc19d72df90a967645563756";"GREEN GRAM(MOONG)(WHOLE)";"OTHER";"FAQ"
"a22addc1d527029693595feccbfafd39";"GREEN CHILLI";"OTHER";"FAQ"
"62b1d9c59890cb453d90b0f09ddc6beb";"TENDER COCONUT";"TENDER COCONUT";"LOCAL"
"d4b1709b8452d1bd93fc7c444b8e91ce";"MASUR DAL";"MASUR DAL";"FAQ"
"a9375cb884102d2f03adca2d0b1b7202";"SWEET PUMPKIN";"SWEET PUMPKIN";"FAQ"
"4b8166d6c44490bad3cbf3d2513fe562";"RICE";"FINE";"GRADE RANGE-1"
"df764326e7bbb42df188a750f04b627b";"POTATO";"DESI";"GRADE A"
"a5f8eab2dc0fc05b896c9cea87443ac7";"ORANGE";"DARJEELING";"LOCAL"
"23c590174590efc9ca54a3ee254589d6";"BANANA";"RED BANANA";"LOCAL"
"8c699ce8e51262ca82dfba0fc18d228c";"GREEN PEAS";"GREEN PEAS";"LOCAL"
"20ee4775be567abfa74277d0ca693bde";"JASMINE";"JASMINE";"LOCAL"
"aaa1d6350d685a998a0080c002d80408";"MASHROOMS";"MASHROOMS";"LOCAL"
"80b96f46c29a2c69c08d767499b41b8b";"INDIAN BEANS(SEAM)";"INDIAN BEANS (SEAM)";"LOCAL"
"04e0d975b7c8af9fd6e45288b4a2fb53";"PINEAPPLE";"PINE APPLE";"LOCAL"
"5b689de363ef3b4b34a60aa7109721a0";"BETAL LEAVES";"MYSORE";"LOCAL"
"bc600d7af49839ec986c4c391e472897";"GRAPES";"ANNABESAHAI";"LOCAL"
"03149d91a8549cd28908d12317a7f96b";"APPLE";"AMERICAN";"LOCAL"
"7757ccbb066cdba358ffff8fc880a4e6";"SOYABEAN";"LOCAL";"LOCAL"
"be4bfdaae29f7b3bba58248831bdc433";"KAKADA";"KAKADA";"LOCAL"
"8dacbb8ba7c05b0c63089114b1319761";"BABY CORN";"BABY CORN";"GRADE A"
"713a420d9276599308e524bd13108b77";"KARBUJA(MUSK MELON)";"KARBHUJA";"LOCAL"
"9901bab42372092560d76cb94098ff28";"POMEGRANATE";"POMOGRANATE";"LOCAL"
"843c356878e37732225dad2a305b2db0";"TURNIP";"TURNIP";"LOCAL"
"3d0b4d8ae9ee0f66d8cce1bee9f5287e";"TUBE ROSE(LOOSE)";"TUBE ROSE (LOOSE)";"LOCAL"
"4cfd304eb9fc37be8af785c9daf815ef";"MANGO";"HAPUS(ALPHASO)";"LOCAL"
"0c10487847145773c04d5f7722f8caf6";"FISH";"RAHU(ANDHRA)";"FAQ"
"0e643775d964be3de64dda74d7e16db0";"MAIZE";"LOCAL";"LOCAL"
"f866ca3430d5f1d5b8ae26ce7202b743";"CARROT";"OTHER";"FAQ"
"10573d2cd6c6d47cca3bf036ee249c14";"KUTKI";"KUTKI";"NON-FAQ"
"29630b20f4af137fd5199ebf0f31815c";"WHEAT";"COARSE";"FAQ"
"d5387ed0e0bd30ac054e9d891695d383";"ARECANUT(BETELNUT/SUPARI)";"OTHER";"FAQ"
"a0232340d77796d700f9ea45ab90e17d";"COWPEA(VEG)";"BEAN BARBATI";"GRADE A"
"da516adb301ba61992eee763cb7f25d0";"TINDA";"OTHER";"FAQ"
"9faa2c681e9e7d4796a7bb8a7ef9c6ef";"KARBUJA(MUSK MELON)";"OTHER";"MEDIUM"
"ae9623926e5c4326f04e724d8f9edff0";"CUCUMBAR(KHEERA)";"OTHER";"FAQ"
"bfcbb2dd44957a96d653b95dd96ec271";"CHIKOOS(SAPOTA)";"OTHER";"LOCAL"
"e7dfdf349b4b410efcd612fdf12e33f3";"ASHGOURD";"OTHER";"FAQ"
"ee5cfe7054c090023b3684338ba69f73";"BEETROOT";"OTHER";"GRADE A"
"79d55d170100528d23ab35f9633841e7";"CABBAGE";"OTHER";"FAQ"
"aaa878b22a0ddb13ff5182ecef767a83";"POTATO";"OTHER";"GRADE B"
"cb7556d286e5599498625a7c3d60a0ff";"COWPEA(VEG)";"COWPEA (VEG)";"GRADE B"
"755c0ca1dd63d33ed6032642de8674de";"LITTLE GOURD(KUNDRU)";"LITTLE GOURD (KUNDRU)";"GRADE B"
"4fd9b10c1620a41d3bd7818772c064b4";"GUAR SEED(CLUSTER BEANS SEED)";"WHOLE";"GRADE B"
"97de479058934e9cf6dc12f69e9a0eae";"PUMPKIN";"PUMPKIN";"GRADE A"
"20b1892e1fa8b045bd5213920530055f";"WHEAT";"LOCAL";"NON-FAQ"
"479452b6e12b503436e3c86a9a85c8f6";"ONION";"RED";"MEDIUM"
"7f585e62b3f2fd920ea7c18898aa324e";"POTATO";"DESI";"MEDIUM"
"97929470e5e9e5b9ac659a443d1388f5";"BANANA - GREEN";"OTHER";"GRADE B"
"a89d73d3a5a4254de2300cf1ab83a4ed";"CABBAGE";"CABBAGE";"GRADE B"
"05a783ef77f38389a54dd589747df7bb";"PADDY(COMMON)";"COMMON";"NON-FAQ"
"f4475af6b16a653be7de782c15a3aa72";"JAMUN(NARALE HANNU)";"JAMUN";"LOCAL"
"12d25edcfaae333568f6d927d9d05c67";"MUSTARD";"OTHER";"NON-FAQ"
"0f3b4bbb42f6ae78f595dcf53d8acd7d";"CAULIFLOWER";"LOCAL";"FAQ"
"2593fc4ba6c26849afe194ae97b75fa7";"BHINDI(LADIES FINGER)";"BHINDI";"FAQ"
"f20777d5b186af762c48b9081b3af071";"BRINJAL";"ROUND/LONG";"FAQ"
"321c5dd8dcdf9083187c7a987a5dc67a";"WHEAT";"2329";"FAQ"
"950b3d11d80799d5abbf69d1371cd100";"TOMATO";"LOCAL";"GRADE A"
"1e556f10e3bfce8106fd232b69da545b";"CARROT";"CARROT";"GRADE A"
"68152ba7f710c7190806509c72225af4";"CABBAGE";"CABBAGE";"GRADE A"
"d4a41db5692d338365ea1343c04392e6";"BRINJAL";"BRINJAL";"GRADE A"
"1ae0f4886b30e24946aaed32206abb48";"CARROT";"CARROT";"FAQ"
"44d92b6ab6419c2b1e04855378acbecb";"LEMON";"OTHER";"FAQ"
"d7867b768975ec8af5c50994119ca9ae";"POINTED GOURD(PARVAL)";"POINTED GOURD (PARVAL)";"FAQ"
"97f5215cd2f8e5b762a4ed2f3794ddff";"GINGER(GREEN)";"GREEN GINGER";"FAQ"
"05dbca2ff3c5cceb115fe1a1a14643dc";"WHEAT";"MALWA SHAKTI";"NON-FAQ"
"7a7b8e2f53542050ecb0cf2246dace58";"BANANA";"OTHER";"LOCAL"
"3a2f5630ba826814430dcaede8083b89";"GUR(JAGGERY)";"JAGGERY";"FAQ"
"e551ff685868d9768c18aba7caa8ed9b";"GUR(JAGGERY)";"JAGGERY";"NON-FAQ"
"0bb110a85b178f5205845f4ad4b88b39";"COTTON";"WITHOUT GINNED COTTON";"FAQ"
"62096df57b5d5f779bf2a4b5e7e38128";"PADDY(COMMON)";"PADDY";"FAQ"
"b9166249c8374921eb624e7fb16fdc8d";"KODO MILLET(VARAGU)";"KONDO";"NON-FAQ"
"c9bb269afd579492d67a8543e0b78f55";"WHEAT";"LOKWAN";"NON-FAQ"
"06ea194b3c3b89800b68e91e1d368543";"PAPAYA(RAW)";"OTHER";"GRADE B"
"d8a1a2842f99aa1e18b08ef60bdcecf8";"CORIANDER(LEAVES)";"OTHER";"FAQ"
"c06898afa30a508192e4a2dafcd530c9";"PEAS WET";"OTHER";"FAQ"
"7fb71b1574f1fef1a9c08b244796859d";"GRAPES";"OTHER";"MEDIUM"
"408372ea5f13f888ae7f5616f3ccb7db";"POMEGRANATE";"OTHER";"MEDIUM"
"2e4f66ad0900249e16a750e393a93e71";"MOUSAMBI(SWEET LIME)";"OTHER";"MEDIUM"
"699037c2b9226c18045940f970055276";"ONION";"ONION";"GRADE B"
"b74135a7215d1f581c85e8ed6ecdc154";"YAM(RATALU)";"OTHER";"GRADE B"
"f3f0f7f4b26a6ec112abbee7a0faca54";"CLUSTER BEANS";"CLUSTER BEANS";"GRADE B"
"6895f66613615c06dcb48f5169c34b05";"BHINDI(LADIES FINGER)";"BHINDI";"GRADE B"
"9e99d81ed2bd4c6aacfeb1febc76622a";"BANANA - GREEN";"BANANA - GREEN";"GRADE B"
"415d4f53c566e284950240295466f586";"SWEET POTATO";"SWEET POTATO";"GRADE B"
"5da5533759e886f8f412c577f99fe2c2";"ONION GREEN";"ONION GREEN";"GRADE B"
"25db2bde28ee959b86079f76b1d9ea4f";"CHIKOOS(SAPOTA)";"OTHER";"GRADE B"
"b127f918db1e115a411a2b0a73134f6b";"MANGO";"OTHER";"GRADE B"
"1ab91d6b51feacf7672dde7d359b3dd4";"GINGER(DRY)";"OTHER";"FAQ"
"750ac869ff3d5558acfb940726bb5417";"COLACASIA";"OTHER";"FAQ"
"56a6d8e84335d0f44ae8fcdba0aef49f";"POTATO";"OTHER";"GRADE A"
"44bff40092db4d11dd949a6423c98e48";"JACK FRUIT(RIPE)";"OTHER";"GRADE B"
"6d9e00aac8d59c734ea2f9e4daca5ceb";"KARBUJA(MUSK MELON)";"KARBHUJA";"GRADE C"
"d5dc88cf84bcc6422dc5bf97fb6a2787";"COWPEA(VEG)";"COWPEA (VEG)";"MEDIUM"
"4f1d4ab54c517cb125b2d28b98092796";"LITTLE GOURD(KUNDRU)";"OTHER";"MEDIUM"
"3b2c01bb2b597386ff4bf128cff53ef0";"INDIAN BEANS(SEAM)";"INDIAN BEANS (SEAM)";"MEDIUM"
"253cbd6c648eb36f19d3886dda0da33e";"CARROT";"CARROT";"MEDIUM"
"6c0873c2b2adf093b14ee088eca797d3";"LEMON";"LEMON";"MEDIUM"
"08edfd6318353e994aa3b7dd6667d7ec";"COCONUT";"OTHER";"FAQ"
"1726805e89d2d5d681e5ebc603c0caeb";"BANANA";"RASAKATHAI";"LOCAL"
"16077e6e55662fd0867d5393f107444f";"POTATO";"LOCAL";"GRADE C"
"fe6e25e4f25af4105994aa09b9c75940";"ONION";"RED";"GRADE C"
"ca6b93c01297eb258cdf78426e95b3bd";"WATER MELON";"OTHER";"MEDIUM"
"3a1db8fe8cd228f28da50745e5817589";"MUSTARD";"MUSTARD";"NON-FAQ"
"db98f520fbc890bcc5b7e353d4e44853";"RICE";"COMMON";"LOCAL"
"886f15d27d9ca911fb13fa12cac86445";"COCK";"BOILER/FIRM(WHITE)";"LOCAL"
"d931bed750e1cc764f2619307c8f8b7d";"FISH";"ZINGA(ZAMBO-A)";"LOCAL"
"2621892ad58438bf074a3de55999a18c";"RAB/LIQUID JAGGERY/MOLASSES";"OTHER";"FAQ"
"539708c35dbcdc1fde5a97026784d4a9";"BLACK GRAM DAL(URD DAL)";"OTHER";"FAQ"
"74d57807679e24614c77f671a5f06756";"KARBUJA(MUSK MELON)";"OTHER";"LOCAL"
"6f7ea5aed3166df8ae4c716ee95b29e9";"BENGAL GRAM(GRAM)(WHOLE)";"OTHER";"NON-FAQ"
"9c6b4fbb88b8345cca96422652838bb1";"POMEGRANATE";"OTHER";"LOCAL"
"16346b369263044f08cacda8c0cbd389";"WATER MELON";"OTHER";"LOCAL"
"22b313f82a7044a606eeaaa7f5c4ae87";"APPLE";"OTHER";"LOCAL"
"f4821178e7385b74f4e2c696c41d80f3";"GINGER(GREEN)";"OTHER";"LOCAL"
"46c50584fdbb6814e012cd77049a1371";"CARROT";"OTHER";"LOCAL"
"f334246a7a2846bfcc8b6db98befff82";"TOBACCO";"OTHER";"FAQ"
"b4277adab176609882a12a947bc5a635";"ONION";"ONION";"SMALL"
"3492e5c0266473e5c79be45aaa85e4d2";"BITTER GOURD";"BITTER GOURD";"GRADE B"
"e96dab9d62be91c178279d073a5a0289";"PAPAYA(RAW)";"OTHER";"FAQ"
"f9c9fc5060194f469c1d94ce42d8cac9";"SWEET PUMPKIN";"SWEET PUMPKIN";"LOCAL"
"03a19734f37e154da082641dbf9a0d69";"CASTOR SEED";"CASTER";"FAQ"
"3fe23a27ea543ba2f08e66e098dbcf90";"GREEN GRAM(MOONG)(WHOLE)";"GREEN (WHOLE)";"NON-FAQ"
"3d1fb4faf0d63d86d55103f8c49f96ed";"MAHUA";"MAHUA FLOWER";"NON-FAQ"
"9395245b9be1e219978cf0a12edf761b";"BUTTERY";"BUTTERY";"NON-FAQ"
"3051749d50c4d839423561bd962da0e1";"MAIZE";"YELLOW";"NON-FAQ"
"e219ee6097a12be85c735cb238923f38";"FLAX SEEDS";"FLAX SEEDS";"FAQ"
"2039c28fc4b9c6d47e12ea51d36098cc";"COTTON";"SHANKER 6 (B) 30MM FINE";"FAQ"
"aed1acb05ab3bd02715fc3ab4a383217";"MANGO";"KESHAR";"GRADE A"
"ebda5c539e7f1738f2103a1d5c5272ce";"CORIANDER(LEAVES)";"CORIANDER";"LOCAL"
"8b7a85bafdd9f098aa81fbeb8c5f0643";"MAHUA";"MAHUA";"NON-FAQ"
"568f365917fa9eafdf26708a4e32b25a";"YAM(RATALU)";"YAM (RATALU)";"FAQ"
"8f1e1233068d20ba1d71b601179ca93b";"COWPEA(LOBIA/KARAMANI)";"OTHER";"FAQ"
"e7f90bc2b136f617b7c3d8ea25ddd5b1";"MANGO";"NEELAM";"LOCAL"
"8da332e3f4acf88e6a90eb4beada3945";"GREEN CHILLI";"GREEN CHILLY";"GRADE A"
"cfbbe58dc502d3b360f0c70a3fce0d81";"RIDGEGUARD(TORI)";"OTHER";"GRADE A"
"ab26a862bac8aaa9f97af7cff83d2046";"TUBE FLOWER";"TUBE FLOWER";"LOCAL"
"25afe5fbd81859abd9a5b1f16a0f8782";"CHILI RED";"BOLD";"LOCAL"
"42676486ee6a63a721e5e93c0f3a3199";"MANGO";"RASPURI";"LOCAL"
"803209214e6720db5f2d26b7c1578e3d";"PADDY(COMMON)";"PADDY";"LOCAL"
"40df8384f20110f7fd5ada2d1cdc6699";"KARBUJA(MUSK MELON)";"OTHER";"GRADE A"
"c03a1dfbb7482093a85f79248b34b9a7";"BANANA";"BANANA - RIPE";"GRADE A"
"55ec6953b64290c70153767e738c973e";"CUCUMBAR(KHEERA)";"CUCUMBAR";"FAQ"
"e1d13f78b0b171186c0e0e16af040c1d";"ONION";"OTHER";"GRADE A"
"6a507df9858cde077469855fe1a1211f";"BOTTLE GOURD";"OTHER";"FAQ"
"20beb1cf534e3a473f14db11f24ec23b";"BANANA";"OTHER";"MEDIUM"
"b75222e698b57b159e8726fd4061f132";"BANANA - GREEN";"BANANA - GREEN";"FAQ"
"edd0f7ea4c0c23dcd4c73f33480de5d9";"AJWAN";"AJWAN";"LOCAL"
"3600450ca4e13b1b1b694e63c2f8080b";"WATER MELON";"WATER MELON";"GRADE B"
"6b2506b2ac4e78f4e87d95bdbef545f0";"CHILLY CAPSICUM";"CHILLY CAPSICUM";"GRADE B"
"4c556b5173bcc3e0a7fb78cc49527cbd";"POINTED GOURD(PARVAL)";"POINTED GOURD (PARVAL)";"GRADE B"
"8a2543648890505859f38881fba23756";"BANANA";"MEDIUM";"GRADE B"
"8a100fcc986c3aabf85bf05a109aed5e";"CAULIFLOWER";"LOCAL";"GRADE B"
"4f0921590535a58c5d86bccedf84af0b";"RICE";"FINE(BASMATI)";"FAQ"
"6d1abc75575d0d018321f4233fc2cd75";"PUMPKIN";"OTHER";"LOCAL"
"dc6caa17015dec3ba6abe0b69f2d11eb";"PUMPKIN";"PUMPKIN";"GRADE B"
"98cade1c9f43c624412c6e4b8afa079e";"BRINJAL";"BRINJAL";"GRADE B"
"ba7aadbe63536639885e8d8fac443288";"CUCUMBAR(KHEERA)";"CUCUMBAR";"GRADE B"
"e5f64b64b3c8d75e1676cf5ea11cd843";"DRUMSTICK";"DRUMSTICK";"GRADE B"
"19894ae15757432f6bd5c6bfcd2c82a2";"POTATO";"JALANDER";"MEDIUM"
"ceb38dbb54dc3445649ca479299cb63d";"CUSTARD APPLE(SHARIFA)";"CUSTARD APPLE(SHARIFA)";"LOCAL"
"9b46b2f806423ba551938cc3966d5455";"PADDY(COMMON)";"MTU-1010";"NON-FAQ"
"fd95438bfc032b4f1cbe67a83abad9f9";"BARLEY(JAU)";"BARLEY";"NON-FAQ"
"d01b91424c9cf780b4993fa36bd4a548";"ONION";"ONION";"GRADE A"
"39bc67aefd9b0d36a0912a0fbe639624";"BHINDI(LADIES FINGER)";"BHINDI";"GRADE A"
"941ad108a512d52430e4fc8de8742bf4";"CAULIFLOWER";"AFRICAN SARSON";"GRADE A"
"4d53be8ed86d21cd2242bf5f500d08e3";"BANANA";"BANANA - RIPE";"LOCAL"
"ab45a13a74c0130dd0ae4a1561d0d601";"CHILI RED";"RED";"FAQ"
"6f287289b46bf03cf421861e1e5aeb3b";"CABBAGE";"CABBAGE";"FAQ"
"d95e28f38992683a9da8e4ed45d70498";"CAPSICUM";"CAPSICUM";"FAQ"
"a193c1b84a3213c75a8fe0e9081bde58";"CORRIANDER SEED";"CORIANDER SEED";"FAQ"
"8aabd249cfab13f15e501efa07f2b8e6";"WHEAT";"MOHAN MONDAL";"FAQ"
"a6f208a33e02717fc78ec48f9ced530c";"KABULI CHANA(CHICKPEAS-WHITE)";"DOLLAR GRAM";"NON-FAQ"
"49b453d47f2306dd74b443fc935f0fae";"DRUMSTICK";"OTHER";"LOCAL"
"af61d379bd1f2d39f142fe062d1c05b8";"PADDY(COMMON)";"D.B.";"NON-FAQ"
"7963b71b44053c18f1fb46eeb6df7ec3";"MAHUA";"MAHUA FLOWER";"FAQ"
"182e61aa950611d38a621a1991e6a0fa";"BENGAL GRAM(GRAM)(WHOLE)";"DESI (F.A.Q. SPLIT)";"NON-FAQ"
"e918941e7c5f770989a76a4664087998";"CAULIFLOWER";"OTHER";"FAQ"
"70257d0ddc662a8f92dd409bc5f8d395";"ORANGE";"OTHER";"MEDIUM"
"dc2a845f615ec5c1b793906c3d085b0e";"BRINJAL";"BRINJAL";"GRADE C"
"5a6c013263c978098aec0a8dcbb923f9";"CAULIFLOWER";"OTHER";"MEDIUM"
"91463f8f0708fc2cdb1ad5e708203cb0";"POTATO";"POTATO";"GRADE B"
"23d6513423eb9999dd4dc2e307569db5";"TOMATO";"TOMATO";"GRADE B"
"c675fc22c53c70cd2acfddc63badc508";"FIELD PEA";"FIELD PEA";"GRADE B"
"f28a49f7b141b4363fa0f6e1ed194f01";"CARROT";"CARROT";"GRADE B"
"19c778fb08172884bbbcf7347091606b";"CAULIFLOWER";"CAULIFLOWER";"GRADE B"
"7ffcdd2e1878626ffdd0f69999d3f87e";"WATER MELON";"OTHER";"GRADE B"
"e9ce13fb73931b0eb108d409e10234c6";"GUAR";"OTHER";"FAQ"
"28d8e12070c4ac47c6c4ffebc00b52cd";"RIDGEGUARD(TORI)";"OTHER";"FAQ"
"3f0395dd40a343e2cce2924e82e2eb34";"BANANA";"MEDIUM";"MEDIUM"
"1ca6d4502c6d99f8188e6adbb6fdc90f";"PAPAYA";"OTHER";"GRADE B"
"b9bd5c3f3c95c58dd17b5768ef4baf5a";"PUMPKIN";"OTHER";"GRADE A"
"b722b9aefe216e31ed12c1271f4f7838";"CUCUMBAR(KHEERA)";"CUCUMBAR";"MEDIUM"
"da919fffce259adb5afaf5b998c4cf57";"BITTER GOURD";"BITTER GOURD";"MEDIUM"
"8bb12b0556ac34af84e8800955651b1d";"BRINJAL";"BRINJAL";"MEDIUM"
"83c5cad3267f5e0052568d6b8b46e7e1";"TAPIOCA";"TAPIOCA";"MEDIUM"
"0e51d8d07c04ee737d2708d3e3f8396a";"CARROT";"CARROT";"LOCAL"
"84014809a714c668182917f0c0b177f4";"TOMATO";"LOCAL";"GRADE C"
"9ac0b762cb696d172a1a9eff9e5d77e0";"TOMATO";"OTHER";"MEDIUM"
"e49d93d5c3be9bcca764c50388150b64";"PADDY(COMMON)";"MAHAMAYA";"NON-FAQ"
"d39bb60378a76c27bd3c61f476ca7f15";"RICE";"FINE";"GRADE RANGE-3"
"0d78bd801ab8cb12b3fd8ddf836eb5ae";"TUBE ROSE(LOOSE)";"TUBE ROSE (LOOSE)";"FAQ"
"ab954578fa6f8199478a03d3347ae79d";"FISH";"BLACK DOM";"LOCAL"
"462570de560858d9ca1573ce5ff47670";"FISH";"BATA PUTTI";"LOCAL"
"4843a21f90a0978e2c738c3eda6e0a27";"FISH";"MALLI(BIG)";"LOCAL"
"a6edb08cea9c4c8075f30f2927c8d08f";"FISH";"RAHU(ANDHRA)";"LOCAL"
"eb5ceae01597622dcd4eee9a90589bc4";"FISH";"KATLA (SMALL)";"LOCAL"
"b6744b56cf9cd3571f47af65cd6c9863";"FISH";"SOLI";"LOCAL"
"f6f011a79cd37844607d81a12653faa5";"PADDY(COMMON)";"WHITE PONNI";"FAQ"
"894c519203f49fb5e38eb74e55f9a4a1";"MANGO(RAW-RIPE)";"OTHER";"LOCAL"
"4f671057ceee89a03a5a13e248722154";"GARLIC";"OTHER";"LOCAL"
"a66bd98b82eed455d188c17d99b61cc9";"JOWAR(SORGHUM)";"RED";"LOCAL"
"fe2218d16c2d67cf6e3961e1681c1b5d";"ORANGE";"OTHER";"LOCAL"
"81879b68f55072ee2a68ab1e6be9dc56";"POINTED GOURD(PARVAL)";"OTHER";"LOCAL"
"f37f42f86775cf698e175459aa71cf67";"MINT(PUDINA)";"OTHER";"LOCAL"
"92d1dc45a99650346b761c9664db6e1d";"GUR(JAGGERY)";"KHANDSARI";"FAQ"
"1d914a5c9cd62e40ef396994f0d99468";"PADDY(COMMON)";"SUPERFINE(BASMATI)";"FAQ"
"c1823031bf6ac352b1fae48f8c41f2af";"APPLE";"APPLE";"GRADE A"
"8a59ddee8047b38d07fda10fe51f3fe1";"BRINJAL";"ROUND/LONG";"MEDIUM"
"306a3a81bd85e94233bf5fb8d20c9653";"TOMATO";"TOMATO";"NON-FAQ"
"c592b771fa5e51ca217298bbf69dbff8";"GROUNDNUT";"BIG (WITH SHELL)";"FAQ"
"1727b2306eeec2c28d3be95c278bde2f";"GREEN PEAS";"PEA";"FAQ"
"f4221673c4f2add50dfa9aa777f39a52";"RED GRAM/ARHAR/TUR(WHOLE)";"ARHAR DAL(TUR)";"FAQ"
"59afe37427979a681d72d482edbf2a75";"LAK(TEORA)";"TIWADA";"FAQ"
"a8de79dc70dd3fe6dd4a619a149892c2";"DRIED MANGO";"AMACARIA";"NON-FAQ"
"7838838fd486383e8b6e2f7cfc9e9c28";"GUAR";"GWAR";"LOCAL"
"03230724fcc3b7cbf643eeb78bb93cc4";"GRAPES";"GREEN";"LOCAL"
"aa71efa14d6b35604a9edc80fe8d84ae";"PADDY(COMMON)";"1001";"NON-FAQ"
"f84c5d89c7100bc7673279859bcbf3c5";"MILLETS";"MILLETS";"NON-FAQ"
"82aebfbc65097482e862b2e76481f619";"COLACASIA";"COLACASIA";"FAQ"
"4fb5597b42f35247c5d9bcd785004033";"FIELD PEA";"FIELD PEA";"FAQ"
"9dd9074ca0905ea739366c01925ebb49";"CLUSTER BEANS";"CLUSTER BEANS";"FAQ"
"ff0f6b363bd6d651c23d6b35f0207e09";"GREEN GRAM DAL(MOONG DAL)";"OTHER";"FAQ"
"6693cea2e457f164784f35618a093ab7";"JUTE";"TD-5";"TD 1 (FAQ)"
"399682d8e400cec63ffcb49c2353a070";"FIG(ANJURA/ANJEER)";"ANJURA";"LOCAL"
"888ae237c67eb5cdc457b370115b262d";"WHEAT";"MAHARASHTRA 2189";"NON-FAQ"
